Workbook

Sheet Sheet1
A1: Bp Number | B1: District | C1: Farmer Nam | D1: Name in BP | E1: Farm Name | F1: Address | G1: State | H1: Lat | I1: Long | J1: Area (Ac) | K1: 2025-26 RC | L1: Total GC p | M1: Coffee Pro | N1: village | O1: phone number | P1: Cluster | Q1: Day | R1: Team
A2: IN4C4-BP221-HR221 | B2: Kodagu | C2: Poonacha P B | D2: Poonacha Patacharuvanda Bolka | E2: Poonacha Patacharuvanda Bolka | F2: Chelavara (V) Cheyandane (P), Madikeri | G2: Karnataka | H2: 12.212749 | I2: 75.684119 | J2: 10 | K2: 440 | L2: 11880 | M2: 4 | N2: CHELAVARA | O2: 9482926593 | P2: 20 | Q2: 1 | R2: Team 1 | S2: =IF(COUNTIF(Sheet2!$A:$A,A2)>0,1,"")
A3: IN4C4-BP172-HR172 | B3: Kodagu | C3: Santosh Kumar B V | D3: Santosh Kumar | E3: Santosh estate | F3: Karada, Virajpet | G3: Karnataka | H3: 12.215579 | I3: 75.709182 | J3: 8 | K3: 325 | L3: 8778 | M3: 3.2 | N3: KAVAOLA | O3: 9632322069 | P3: 20 | Q3: 1 | R3: Team 1 | S3: =IF(COUNTIF(Sheet2!$A:$A,A3)>0,1,"")
A4: IN4C1-BP733-HR733 | B4: Kodagu | C4: Laveen C U | D4: Laveen Chandira Uthaiah | E4: Laveen Chandira Uthaiah | F4: Kokeri (V), Cheyyandane (P), Madikeri | G4: Karnataka | H4: 12.237561 | I4: 75.68452 | J4: 3.5 | K4: 120 | L4: 3240 | M4: 1.4 | N4: KOKERI | O4: 8152018149 / 8277754623 | P4: 20 | Q4: 1 | R4: Team 1 | S4: =IF(COUNTIF(Sheet2!$A:$A,A4)>0,1,"")
A5: IN4C5-BP302-BE302 | B5: Kodagu | C5: Kodira Monnappa Kushalappa | D5: Kodira Monnappa Kushalappa | E5: Kodira Monnappa Kushalappa Farm | F5: Kadanga | G5: Karnataka | H5: 12.225626 | I5: 75.719645 | J5: 70 | K5: 2300 | L5: 62100 | M5: 28.3 | N5: KADANGAMARUR | O5: 9480616060 | P5: 20 | Q5: 1 | R5: Team 1 | S5: =IF(COUNTIF(Sheet2!$A:$A,A5)>0,1,"")
A6: IN4C7-BP1121-TT1121 | B6: Kodagu | C6: Usman K E | D6: Usman Kodapadi Ebrahim | E6: Usman Kodapadi Ebrahim Farm | F6: Kadanga | G6: Karnatka | H6: 12.226335 | I6: 75.733178 | J6: 12 | K6: 400 | L6: 10800 | M6: 4.9 | N6: KADANGAMARUR | O6: 9008976843 | P6: 20 | Q6: 1 | R6: Team 1 | S6: =IF(COUNTIF(Sheet2!$A:$A,A6)>0,1,"")
A7: IN4C4-BP154-HR154 | B7: Kodagu | C7: Laxmanna B K | D7: Laxmana Belliyanda Kariappa | E7: Laxmanna estate | F7: Nariyanda, Virajpet | G7: Karnataka | H7: 12.242164 | I7: 75.709708 | J7: 16 | K7: 660 | L7: 17820 | M7: 6.5 | N7: KODAGU | O7: 9482105162 | P7: 20 | Q7: 1 | R7: Team 1 | S7: =IF(COUNTIF(Sheet2!$A:$A,A7)>0,1,"")
A8: IN4C5-BP315-BE315 | B8: Kodagu | C8: Nerpanda Mandanna Ayyappa | D8: Nerpanda Mandanna Ayyappa | E8: Nerpanda Mandanna Ayyappa Farm | F8: Karada | G8: Karnataka | H8: 12.240574 | I8: 75.719542 | J8: 16 | K8: 450 | L8: 12150 | M8: 6.5 | N8: KODAGU | O8: 9916910067 | P8: 20 | Q8: 1 | R8: Team 1 | S8: =IF(COUNTIF(Sheet2!$A:$A,A8)>0,1,"")
A9: IN4C7-BP640-TT640 | B9: Kodagu | C9: Sharanu B T | D9: Sharanu Boverianda Thammaiah | E9: Sharanu Boverianda Thammaiah Farm | F9: Cheyandane | G9: Karnataka | H9: 12.226263 | I9: 75.705648 | J9: 11 | K9: 230 | L9: 6210 | M9: 4.4 | N9: KODAGU | O9: 9449169957 | P9: 20 | Q9: 1 | R9: Team 1 | S9: =IF(COUNTIF(Sheet2!$A:$A,A9)>0,1,"")
A10: IN4C7-BP58-SL58 | B10: Kodagu | C10: Paramesh N S | D10: Paramesh Nidtha Somappa | E10: Paramesh Nidtha Somappa Farm | F10: Nidtha (V&P) | G10: Karnataka | H10: 12.70386 | I10: 75.92416 | J10: 2 | K10: 34 | L10: 918 | M10: 0.8 | N10: NIDTHA | O10: 9482668762 | P10: 5 | Q10: 1 | R10: Team 2 | S10: =IF(COUNTIF(Sheet2!$A:$A,A10)>0,1,"")
A11: IN4C6-BP303-AM303 | B11: Kodagu | C11: Thirugnan Murthy S | D11: Thirugnan Murthy S | E11: Paary Estate | F11: Gudegaale(V), Hanelli (p0< Somwarpet | G11: Karnataka | H11: 12.72409 | I11: 75.899343 | J11: 35 | K11: 470 | L11: 12690 | M11: 14.2 | N11: HULSE | O11: 9482351416 (Kantharaj) | P11: 5 | Q11: 1 | R11: Team 2 | S11: =IF(COUNTIF(Sheet2!$A:$A,A11)>0,1,"")
A12: IN4C5-BP1101-VC1101 | B12: Kodagu | C12: Sunjog NB | D12: Nidda Rajasekhar Sunjog | E12: Mathegodu Est | F12: Gopalpura Kenkere Rd, Sanivarsanthe | G12: Karnataka | H12: 12.700643 | I12: 75.892252 | J12: 50 | K12: 1500 | L12: 40500 | M12: 20.2 | N12: GOPALPURA | O12: 9901903920 | P12: 5 | Q12: 1 | R12: Team 2 | S12: =IF(COUNTIF(Sheet2!$A:$A,A12)>0,1,"")
A13: IN4C6-BP296-AM296 | B13: Kodagu | C13: S V Chinna Sevugam Chettiar | D13: S V Chinna Sevugam Chettiar | E13: Gopalpura Estate | F13: Goplapura (V&P), Shanivarsanthe | G13: Karnataka | H13: 12.703776 | I13: 75.89327 | J13: 20 | K13: 400 | L13: 10800 | M13: 8.1 | N13: GOPALPURA | O13: 9444495583 | P13: 5 | Q13: 1 | R13: Team 2 | S13: =IF(COUNTIF(Sheet2!$A:$A,A13)>0,1,"")
A14: IN4C6-BP297-AM297 | B14: Kodagu | C14: M Manickam Chettiar | D14: Meyappan Manickam Chettiar | E14: Gopalpura Estate | F14: Goplapura (V&P), Shanivarsanthe | G14: Karnataka | H14: 12.702152 | I14: 75.896288 | J14: 20 | K14: 425 | L14: 11478 | M14: 8.1 | N14: GOPALPURA | O14: 9444495583 | P14: 5 | Q14: 1 | R14: Team 2 | S14: =IF(COUNTIF(Sheet2!$A:$A,A14)>0,1,"")
A15: IN4C6-BP298-AM298 | B15: Kodagu | C15: RM Sevugan Chettiar | D15: Ramanathan Sevugan Chettiar | E15: Gopalpura Estate | F15: Goplapura (V&P), Shanivarsanthe | G15: Karnataka | H15: 12.703186 | I15: 75.89323 | J15: 20 | K15: 400 | L15: 10800 | M15: 8.1 | N15: GOPALPURA | O15: 9444495583 | P15: 5 | Q15: 1 | R15: Team 2 | S15: =IF(COUNTIF(Sheet2!$A:$A,A15)>0,1,"")
A16: IN4C6-BP299-AM299 | B16: Kodagu | C16: SV Meyappan | D16: Sevugan Meyappan | E16: Gopalpura Estate | F16: Goplapura (V&P), Shanivarsanthe | G16: Karnataka | H16: 12.704419 | I16: 75.892933 | J16: 20 | K16: 425 | L16: 11478 | M16: 8.1 | N16: GOPALPURA | O16: 9444495583 | P16: 5 | Q16: 1 | R16: Team 2 | S16: =IF(COUNTIF(Sheet2!$A:$A,A16)>0,1,"")
A17: IN4C6-BP300-AM300 | B17: Kodagu | C17: M Vishalakshi | D17: Manickam Chettiar Vishalakshi | E17: Gopalpura Estate | F17: Dhodel Kothur (V0, Shanivarsanthe | G17: Karnataka | H17: 12.701849 | I17: 75.895535 | J17: 40 | K17: 775 | L17: 20928 | M17: 16.2 | N17: GOPALPURA | O17: 9444495583 | P17: 5 | Q17: 1 | R17: Team 2 | S17: =IF(COUNTIF(Sheet2!$A:$A,A17)>0,1,"")
A18: IN4C6-BP301-AM301 | B18: Kodagu | C18: Senthil Nathan M | D18: Senthilnatahn Manickam | E18: Jayamma Estate | F18: Shanivarsanthe | G18: Karnataka | H18: 12.700881 | I18: 75.896072 | J18: 11 | K18: 210 | L18: 5670 | M18: 4.5 | N18: GOPALPURA | O18: 9444495583 | P18: 5 | Q18: 1 | R18: Team 2 | S18: =IF(COUNTIF(Sheet2!$A:$A,A18)>0,1,"")
A19: IN4C6-BP302-AM302 | B19: Kodagu | C19: T Kalairaj | D19: Thiyagarajan Kalairaj | E19: Karbaka Vinayakam Estate | F19: Shanivarsanthe | G19: Karnataka | H19: 12.706556 | I19: 75.89862 | J19: 8 | K19: 160 | L19: 4320 | M19: 3.2 | N19: GOPALPURA | O19: 9444495583 | P19: 5 | Q19: 1 | R19: Team 2 | S19: =IF(COUNTIF(Sheet2!$A:$A,A19)>0,1,"")
A20: IN4C6-BP304-AM304 | B20: Kodagu | C20: Rajashekar H M | D20: Rajashekar Honnugudi Mahalingappa | E20: Mallikarjuna Estate | F20: Kyathe (V), Kodlipet | G20: Karnataka | H20: 12.78985 | I20: 75.874813 | J20: 12 | K20: 350 | L20: 9450 | M20: 4.9 | N20: KODLIPET | O20: 9448976631 | P20: 5 | Q20: 1 | R20: Team 2 | S20: =IF(COUNTIF(Sheet2!$A:$A,A20)>0,1,"")
A21: IN4C1-BP325-BP325 | B21: Kodagu | C21: Viji Jhon | D21: Viji Jhon | E21: Karappara Estate | F21: Karappara estate, Yavakapadi village, Kakkabe | G21: Karnataka | H21: 12.23317 | I21: 75.64117 | J21: 73 | K21: 2670 | L21: 72090 | M21: 29.6 | N21: NALADI | O21: 9448406405 | P21: 33 | Q21: 2 | R21: Team 1 | S21: =IF(COUNTIF(Sheet2!$A:$A,A21)>0,1,"")
A22: IN4C4-BP207-HR207 | B22: Kodagu | C22: Uthappa C K | D22: Uthappa Chandira Kandiara | E22: Uthappa estate | F22: Napoklu, Madikeri | G22: Karnataka | H22: 12.245053 | I22: 75.652266 | J22: 54 | K22: 1800 | L22: 48600 | M22: 21.9 | N22: NALADI | O22: 9845726921 | P22: 33 | Q22: 2 | R22: Team 1 | S22: =IF(COUNTIF(Sheet2!$A:$A,A22)>0,1,"")
A23: IN4C4-BP211-HR211 | B23: Kodagu | C23: Shayla N P | D23: Shayla Naresh Pandanda | E23: Pandanda estate | F23: Napoklu, Madikeri | G23: Karnataka | H23: 12.247851 | I23: 75.644058 | J23: 38 | K23: 870 | L23: 23490 | M23: 15.4 | N23: NALADI | O23: 9880573323 | P23: 33 | Q23: 2 | R23: Team 1 | S23: =IF(COUNTIF(Sheet2!$A:$A,A23)>0,1,"")
... A32: IN4C7-BP1104-TT1104 | B32: Kodagu | C32: Savithri A T | D32: Savithri Anjaparavanda Thimmaiah | E32: Savithri Anjaparavanda Thimmaiah Farm | F32: Yavakapadi, Kunjila | G32: Karnatka | H32: 12.244595 | I32: 75.654401 | J32: 8 | K32: 280 | L32: 7560 | M32: 3.2 | N32: NALADI | O32: 9481859217 | P32: 33 | Q32: 2 | R32: Team 1 | S32: =IF(COUNTIF(Sheet2!$A:$A,A32)>0,1,"")
A33: IN4C7-BP1105-TT1105 | B33: Kodagu | C33: Thimmaiah A S | D33: Thimmaiah Anjaparavanda Subbaiah | E33: Thimmaiah Anjaparavanda Subbaiah Farm | F33: Yavakapadi, Kunjila | G33: Karnatka | H33: 12.244595 | I33: 75.654862 | J33: 18 | K33: 600 | L33: 16200 | M33: 7.3 | N33: NALADI | O33: 9481859218/7483774737 | P33: 33 | Q33: 2 | R33: Team 1 | S33: =IF(COUNTIF(Sheet2!$A:$A,A33)>0,1,"")
A34: IN4C7-BP1116-TT1116 | B34: Kodagu | C34: Vivek A M | D34: Vivek Apparanda Mandanna | E34: Vivek Apparanda Mandanna Farm | F34: Yavakapadi, Kunjila | G34: Karnatka | H34: 12.236709 | I34: 75.641721 | J34: 17 | K34: 700 | L34: 18900 | M34: 6.9 | N34: NALADI | O34: 9480731813/9901339255 | P34: 33 | Q34: 2 | R34: Team 1 | S34: =IF(COUNTIF(Sheet2!$A:$A,A34)>0,1,"")
A35: IN4C7-BP1117-TT1117 | B35: Kodagu | C35: Poonacha A M | D35: Poonacha Apparanda Mandanna | E35: Poonacha Apparanda Mandanna Farm | F35: Yavakapadi, Kunjila | G35: Karnatka | H35: 12.246753 | I35: 75.647068 | J35: 19 | K35: 600 | L35: 16200 | M35: 7.7 | N35: NALADI | O35: 0 | P35: 33 | Q35: 2 | R35: Team 1 | S35: =IF(COUNTIF(Sheet2!$A:$A,A35)>0,1,"")
A36: IN4C7-BP1119-TT1119 | B36: Kodagu | C36: Mandanna A P | D36: Mandanna Apparanda Ponnappa | E36: Mandanna Apparanda Ponnappa Farm | F36: Yavakapadi, Kunjila | G36: Karnatka | H36: 12.245424 | I36: 75.649551 | J36: 17 | K36: 500 | L36: 13500 | M36: 6.9 | N36: NALADI | O36: 9686401945 | P36: 33 | Q36: 2 | R36: Team 1 | S36: =IF(COUNTIF(Sheet2!$A:$A,A36)>0,1,"")
A37: IN4C7-BP381-TR381 | B37: Kodagu | C37: Kabbinkad Estate | D37: Kabbinkad Estate | E37: Kabbinkad Estate Farm | F37: Yevakapadi, Napoklu | G37: Karnataka | H37: 12.223995 | I37: 75.650682 | J37: 46 | K37: 520 | L37: 14040 | M37: 18.6 | N37: NALADI | O37: 9481840999 (jeevan) | P37: 33 | Q37: 2 | R37: Team 1 | S37: =IF(COUNTIF(Sheet2!$A:$A,A37)>0,1,"")
A38: IN4C5-BP394-HR394 | B38: Kodagu | C38: Jose Mathew | D38: Jose Mathew | E38: Jose Mathew Farm | F38: Chelavara, Cheyandane | G38: Karnataka | H38: 12.20478 | I38: 75.65735 | J38: 40 | K38: 1100 | L38: 29700 | M38: 16.2 | N38: MARANDODA | O38: 9447488231 / 9449255179 9 Bino) | P38: 33 | Q38: 2 | R38: Team 1 | S38: =IF(COUNTIF(Sheet2!$A:$A,A38)>0,1,"")
A39: IN4C7-BP1107-TT1107 | B39: Kodagu | C39: Dayananda M Y | D39: Dayananda Mukkatti Yadava | E39: Dayananda Mukkatti Yadava Farm | F39: Yavakapadi, Kunjila | G39: Karnatka | H39: 12.238192 | I39: 75.661461 | J39: 6 | K39: 240 | L39: 6480 | M39: 2.4 | N39: MARANDODA | O39: 9591175575 | P39: 33 | Q39: 2 | R39: Team 1 | S39: =IF(COUNTIF(Sheet2!$A:$A,A39)>0,1,"")
A40: IN4C7-BP310-HR310 | B40: Kodagu | C40: Dileep M C | D40: Dileep Mukkati chittiappa | E40: Dileep Mukkati chittiappa Farm | F40: Marandoda, Napoklu | G40: Karnataka | H40: 12.237011 | I40: 75.664875 | J40: 10 | K40: 180 | L40: 4860 | M40: 4 | N40: MARANDODA | O40: 9686048749 | P40: 33 | Q40: 2 | R40: Team 1 | S40: =IF(COUNTIF(Sheet2!$A:$A,A40)>0,1,"")
A41: IN4C7-BP311-HR311 | B41: Kodagu | C41: Nanaiah C D | D41: Nanaiah Choyamadanda Devaiah | E41: Nanaiah Choyamadanda Devaiah Farm | F41: Marandoda, Napoklu | G41: Karnataka | H41: 12.233109 | I41: 75.661924 | J41: 4 | K41: 140 | L41: 3780 | M41: 1.7 | N41: MARANDODA | O41: 9483495955 | P41: 33 | Q41: 2 | R41: Team 1 | S41: =IF(COUNTIF(Sheet2!$A:$A,A41)>0,1,"")
A42: IN4C6-BP305-AM305 | B42: Kodagu | C42: Preetham Basappa | D42: Preetham Basappa | E42: Ist Kushboor Estate | F42: Balagunda, Somwarpet | G42: Karnataka | H42: 12.572556 | I42: 75.847338 | J42: 75 | K42: 1100 | L42: 29700 | M42: 30.4 | N42: KUSUBUR | O42: 9845024270 | P42: 36 | Q42: 2 | R42: Team 2 | S42: =IF(COUNTIF(Sheet2!$A:$A,A42)>0,1,"")
A43: IN4C5-BP1147-VC1147 | B43: Kodagu | C43: Dharmakumar BT | D43: Bilimaga Thimmashetty Dharmakumar | E43: Bilimaga | F43: Abimatta, Santhahally | G43: Karnataka | H43: 12.598771 | I43: 75.850191 | J43: 15 | K43: 300 | L43: 8100 | M43: 6.1 | N43: BALUGUNDA | O43: 9902322525 | P43: 36 | Q43: 2 | R43: Team 2 | S43: =IF(COUNTIF(Sheet2!$A:$A,A43)>0,1,"")
A44: IN4C7-BP552-TR552 | B44: Kodagu | C44: Bymana Gagan K | D44: Bymana Gagan Kuttappa | E44: Bymana Gagan Kuttappa Farm | F44: Bajegundi,Somwarpet | G44: Karnataka | H44: 12.576079 | I44: 75.839973 | J44: 15 | K44: 320 | L44: 8640 | M44: 6.1 | N44: BALUGUNDA | O44: 9945505050 | P44: 36 | Q44: 2 | R44: Team 2 | S44: =IF(COUNTIF(Sheet2!$A:$A,A44)>0,1,"")
A45: IN4C5-BP1148-VC1148 | B45: Kodagu | C45: Somesh KS | D45: Kibetta Santhappa Somesh | E45: Kibbetta | F45: Kibbetta, Somawarpet | G45: Karnataka | H45: 12.606575 | I45: 75.865136 | J45: 8 | K45: 160 | L45: 4320 | M45: 3.2 | N45: MASAGODU | O45: 9448870960 | P45: 36 | Q45: 2 | R45: Team 2 | S45: =IF(COUNTIF(Sheet2!$A:$A,A45)>0,1,"")
A46: IN4C5-BP400-HR400 | B46: Kodagu | C46: Hithesh S T | D46: Hithesh Suliyakodi Thimmaiah | E46: Hithesh Suliyakodi Thimmaiah Farm | F46: Gonimaroor, Somwarpet | G46: Karnataka | H46: 12.604042 | I46: 75.919206 | J46: 10 | K46: 320 | L46: 8640 | M46: 4 | N46: GONIMARUR | O46: 9901281643 | P46: 36 | Q46: 2 | R46: Team 2 | S46: =IF(COUNTIF(Sheet2!$A:$A,A46)>0,1,"")
A47: IN4C5-BP1146-VC1146 | B47: Kodagu | C47: Dharmappa PP | D47: Puttanamane Poovaiah Dharmappa | E47: SR Estate | F47: Abimatta, Santhahally | G47: Karnataka | H47: 12.630395 | I47: 75.809701 | J47: 5 | K47: 60 | L47: 1620 | M47: 2 | N47: ABBIMATTA | O47: 9448108189 | P47: 36 | Q47: 2 | R47: Team 2 | S47: =IF(COUNTIF(Sheet2!$A:$A,A47)>0,1,"")
A48: IN4C7-BP597-TR597 | B48: Kodagu | C48: Kiran Subbaiah | D48: Kiran Subbaiah | E48: Kiran Subbaiah Farm | F48: Virajpet | G48: Karnataka | H48: 12.625255 | I48: 75.859651 | J48: 20 | K48: 630 | L48: 17010 | M48: 8.1 | N48: HONNE HANAKODU | O48: 7510833777 | P48: 36 | Q48: 2 | R48: Team 2 | S48: =IF(COUNTIF(Sheet2!$A:$A,A48)>0,1,"")
A49: IN4C4-BP20-HR20 | B49: Kodagu | C49: Krishna Kumar K M | D49: Krishna Kumar Karegowda Machaiah | E49: Kolavagadde Estate | F49: Shantalli V&P, Somwarpet Taluk, Kodagu District | G49: Karnataka | H49: 12.65148 | I49: 75.79527 | J49: 2 | K49: 43 | L49: 1164 | M49: 0.8 | N49: SANTHALLI | O49: 9482194144 | P49: 36 | Q49: 2 | R49: Team 2 | S49: =IF(COUNTIF(Sheet2!$A:$A,A49)>0,1,"")
A50: IN4C4-BP129-P2-HR129 | B50: Kodagu | C50: Nanda Kumar C A | D50: Nanda Kumar Chottengada Appanna | E50: Nanda Kumar Chottengada Appanna Estate- 2 | F50: Napoklu, Madikeri | G50: Karnataka | H50: 12.239644 | I50: 75.632947 | J50: 65 | K50: 2050 | L50: 55350 | M50: 26.3 | N50: NALADI | O50: 9945405544 | P50: 21 | Q50: 3 | R50: Team 1 | S50: =IF(COUNTIF(Sheet2!$A:$A,A50)>0,1,"")
... A60: IN4C5-BP598-CP598 | B60: Kodagu | C60: Kushalappa KB | D60: Kushalappa Kovera Bidappa | E60: Kushalappa Kovera Bidappa Farm | F60: Kiragandur (V) Somavarpet (TK) | G60: Karnataka | H60: 12.56105 | I60: 75.827965 | J60: 3 | K60: 60 | L60: 1620 | M60: 1 | N60: KIRAGANDUR | O60: 9482270367 | P60: 10 | Q60: 3 | R60: Team 2 | S60: =IF(COUNTIF(Sheet2!$A:$A,A60)>0,1,"")
A61: IN4C6-BP277-AM277 | B61: Kodagu | C61: Muthaiah R | D61: Muthaiah Ramaswamy | E61: Thirumalai Estate | F61: Moovathokal (V&P), Madapura | G61: Karnataka | H61: 12.522966 | I61: 75.787018 | J61: 45 | K61: 950 | L61: 25650 | M61: 18.2 | N61: MUVATHOKLU | O61: 9480153967 / 7022512369 (Devaiah) | P61: 10 | Q61: 3 | R61: Team 2 | S61: =IF(COUNTIF(Sheet2!$A:$A,A61)>0,1,"")
A62: IN4C6-BP278-P1-AM278 | B62: Kodagu | C62: Green Valley products Pvt Ltd | D62: Green Valley products Pvt Ltd | E62: Devarkad Estate | F62: Moovathokal (V&P), Madapura | G62: Karnataka | H62: 12.527457 | I62: 75.78754 | J62: 54 | K62: 1200 | L62: 32400 | M62: 21.7 | N62: MUVATHOKLU | O62: 9980996083/9900175227 | P62: 10 | Q62: 3 | R62: Team 2 | S62: =IF(COUNTIF(Sheet2!$A:$A,A62)>0,1,"")
A63: IN4C6-BP279-AM279 | B63: Kodagu | C63: Alex R F Noronha | D63: Alex R F Noronha | E63: Kirudale Estate | F63: Kirudale, Madapura | G63: Karnataka | H63: 12.548943 | I63: 75.796952 | J63: 27 | K63: 510 | L63: 13770 | M63: 10.9 | N63: KUMBUR | O63: 9845288890 | P63: 10 | Q63: 3 | R63: Team 2 | S63: =IF(COUNTIF(Sheet2!$A:$A,A63)>0,1,"")
A64: IN4C7-BP44-SL44 | B64: Kodagu | C64: N Vishwanathan | D64: Narayanan Vishwanatahna | E64: SLN Estate - 2 | F64: Gharwale | G64: Karnataka | H64: 12.55302 | I64: 75.80125 | J64: 80 | K64: 2300 | L64: 62100 | M64: 32.4 | N64: KUMBUR | O64: 9449224987 | P64: 10 | Q64: 3 | R64: Team 2 | S64: =IF(COUNTIF(Sheet2!$A:$A,A64)>0,1,"")
A65: IN4C7-BP61-SL61 | B65: Kodagu | C65: T Vardhan | D65: T vardhan | E65: T vardhan Farm | F65: Gharwale | G65: Karnataka | H65: 12.55415 | I65: 75.79531 | J65: 118 | K65: 1611 | L65: 43500 | M65: 47.8 | N65: KUMBUR | O65: 9448330996 | P65: 10 | Q65: 3 | R65: Team 2 | S65: =IF(COUNTIF(Sheet2!$A:$A,A65)>0,1,"")
A66: IN4C7-BP62-SL62 | B66: Kodagu | C66: Vijay Devaiah | D66: Vijay Devaiah | E66: Bellarimotta Estate | F66: Gharwale, Madapura | G66: Karnataka | H66: 12.55277 | I66: 75.80167 | J66: 30 | K66: 459 | L66: 12396 | M66: 12.1 | N66: KUMBUR | O66: 9448414593 | P66: 10 | Q66: 3 | R66: Team 2 | S66: =IF(COUNTIF(Sheet2!$A:$A,A66)>0,1,"")
A67: IN4C5-BP976-VC976 | B67: Kodagu | C67: B J Shamanth | D67: Bachinad Jivijaya Shamanth | E67: Jayashree Estate | F67: Beligiri Garvale, Kumbur, Somwarpet | G67: Karnataka | H67: 12.549566 | I67: 75.816534 | J67: 100 | K67: 2550 | L67: 68850 | M67: 40.5 | N67: BILIGERI | O67: 9900001184 | P67: 10 | Q67: 3 | R67: Team 2 | S67: =IF(COUNTIF(Sheet2!$A:$A,A67)>0,1,"")
A68: IN4C5-BP977-VC977 | B68: Kodagu | C68: Anuradha Shamanth | D68: Anuradha Shamanth | E68: Jayashree Estate | F68: Beligiri Garvale, Kumbur, Somwarpet | G68: Karnataka | H68: 12.549567 | I68: 75.816535 | J68: 12 | K68: 500 | L68: 13500 | M68: 4.9 | N68: BILIGERI | O68: 9900001184 | P68: 10 | Q68: 3 | R68: Team 2 | S68: =IF(COUNTIF(Sheet2!$A:$A,A68)>0,1,"")
A69: IN4C5-BP978-VC978 | B69: Kodagu | C69: Vishwanath A M | D69: Vishwanath Annegowda Muthanna | E69: Kudlur Udove-A Estate | F69: Kirangandoor, Somwarpet | G69: Karnataka | H69: 12.580997 | I69: 75.807531 | J69: 47 | K69: 950 | L69: 25650 | M69: 19 | N69: TAKERI | O69: 9480853521/8105096138 | P69: 10 | Q69: 3 | R69: Team 2 | S69: =IF(COUNTIF(Sheet2!$A:$A,A69)>0,1,"")
A70: IN4C5-BP979-VC979 | B70: Kodagu | C70: Pragyan A V | D70: Pragyan Annegowda Vishwanath | E70: Kudlur Udove-A Estate | F70: Kirangandoor, Somwarpet | G70: Karnataka | H70: 12.591149 | I70: 75.789578 | J70: 12 | K70: 360 | L70: 9720 | M70: 4.9 | N70: TAKERI | O70: 9480853521/8105096138 | P70: 10 | Q70: 3 | R70: Team 2 | S70: =IF(COUNTIF(Sheet2!$A:$A,A70)>0,1,"")
A71: IN4C4-BP208-HR208 | B71: Kodagu | C71: Ashiya K M | D71: Ashiya Kundanda Mazeed | E71: Ashiya estate | F71: Napoklu, Madikeri | G71: Karnataka | H71: 12.264366 | I71: 75.654811 | J71: 23 | K71: 980 | L71: 26460 | M71: 9.3 | N71: KUNJALA | O71: 8197290897 | P71: 7 | Q71: 4 | R71: Team 1 | S71: =IF(COUNTIF(Sheet2!$A:$A,A71)>0,1,"")
A72: IN4C4-BP214-HR214 | B72: Kodagu | C72: Umusa P M | D72: Umusa Pathangoud Mohammad | E72: Umusa estate | F72: Napoklu, Kunjilla village, Kakkabe post | G72: Karnataka | H72: 12.267631 | I72: 75.658763 | J72: 40 | K72: 1550 | L72: 41850 | M72: 16.2 | N72: KUNJALA | O72: 9483487811 | P72: 7 | Q72: 4 | R72: Team 1 | S72: =IF(COUNTIF(Sheet2!$A:$A,A72)>0,1,"")
A73: IN4C4-BP233-HR233 | B73: Kodagu | C73: Abdul Basheesr P M | D73: Abdul Basheer Payadathal Mahine | E73: Payadathal | F73: Kunjila, kakkabbe, Coorg | G73: Karnataka | H73: 12.265591 | I73: 75.654521 | J73: 35 | K73: 1320 | L73: 35640 | M73: 14.2 | N73: KUNJALA | O73: 9845560919 | P73: 7 | Q73: 4 | R73: Team 1 | S73: =IF(COUNTIF(Sheet2!$A:$A,A73)>0,1,"")
A74: IN4C4-BP244-HR244 | B74: Kodagu | C74: Areesu K H | D74: Areesu Karangod Hasainar | E74: Areesu Karangod Hasainar | F74: Kunjila (V), Kakkabbe (P) | G74: Karnataka | H74: 12.259881 | I74: 75.647771 | J74: 36 | K74: 1360 | L74: 36720 | M74: 14.6 | N74: KUNJALA | O74: 9845296937 | P74: 7 | Q74: 4 | R74: Team 1 | S74: =IF(COUNTIF(Sheet2!$A:$A,A74)>0,1,"")
A75: IN4C4-BP246-HR246 | B75: Kodagu | C75: Thammaiah K A | D75: Thammaiah Kaliyatanda Achamma | E75: Muntane Estate | F75: Kunjila (V), Kakkabbe (P) | G75: Karnataka | H75: 12.272892 | I75: 75.646659 | J75: 35 | K75: 1430 | L75: 38610 | M75: 14.2 | N75: KUNJALA | O75: 9611652367 | P75: 7 | Q75: 4 | R75: Team 1 | S75: =IF(COUNTIF(Sheet2!$A:$A,A75)>0,1,"")
A76: IN4C4-BP247-HR247 | B76: Kodagu | C76: Erappa K A | D76: Erappa Kaliyatanda Achamma | E76: Muntane Estate | F76: Kunjila (V), Kakkabbe (P) | G76: Karnataka | H76: 12.275351 | I76: 75.641648 | J76: 10 | K76: 490 | L76: 13230 | M76: 4 | N76: KUNJALA | O76: 9448066093 | P76: 7 | Q76: 4 | R76: Team 1 | S76: =IF(COUNTIF(Sheet2!$A:$A,A76)>0,1,"")
A77: IN4C4-BP249-HR249 | B77: Kodagu | C77: Navaz K M | D77: Navaz Kadundanda Mohammad | E77: Navaz Kadundanda Mohammad | F77: Kunjilla (V) Kakkabbe (P) | G77: Karnataka | H77: 12.269452 | I77: 75.661483 | J77: 25 | K77: 780 | L77: 21060 | M77: 10.1 | N77: KUNJALA | O77: 9483887113 | P77: 7 | Q77: 4 | R77: Team 1 | S77: =IF(COUNTIF(Sheet2!$A:$A,A77)>0,1,"")
A78: IN4C4-BP251-HR251 | B78: Kodagu | C78: Palangappa K C | D78: Palangappa Kambayanda Chengappa | E78: Bymudi Estate | F78: Kunjilla (V) Kakkabbe (P) | G78: Karnataka | H78: 12.257957 | I78: 75.643751 | J78: 40 | K78: 1200 | L78: 32400 | M78: 16.2 | N78: KUNJALA | O78: 9480046369 | P78: 7 | Q78: 4 | R78: Team 1 | S78: =IF(COUNTIF(Sheet2!$A:$A,A78)>0,1,"")
A79: IN4C5-BP1016-VC1016 | B79: Kodagu | C79: Divin Poonacha N S | D79: Divin Poonacha Nambadamanda Somanna | E79: Divin Poonacha Nambadamanda Somanna Farm | F79: Kakkabbe | G79: Karnatka | H79: 12.260878 | I79: 75.644558 | J79: 30 | K79: 750 | L79: 20250 | M79: 12.1 | N79: KUNJALA | O79: 9731506365 | P79: 7 | Q79: 4 | R79: Team 1 | S79: =IF(COUNTIF(Sheet2!$A:$A,A79)>0,1,"")
A80: IN4C5-BP1017-VC1017 | B80: Kodagu | C80: Anila K T | D80: Anila Kalyatanda Thammaiah | E80: Anila Kalyatanda Thammaiah Farm | F80: Kunjila | G80: Karnatka | H80: 12.274349 | I80: 75.640409 | J80: 5 | K80: 150 | L80: 4050 | M80: 2 | N80: KUNJALA | O80: 9611652367 | P80: 7 | Q80: 4 | R80: Team 1 | S80: =IF(COUNTIF(Sheet2!$A:$A,A80)>0,1,"")
A81: IN4C5-BP830-CC830 | B81: Kodagu | C81: Mammad K A | D81: Mammad Kundanda Ali | E81: Mammad Kundanda Ali Farm | F81: Kunjila | G81: Karnatka | H81: 12.271127 | I81: 75.657706 | J81: 30 | K81: 750 | L81: 20250 | M81: 12.1 | N81: KUNJALA | O81: 9483598859 | P81: 7 | Q81: 4 | R81: Team 1 | S81: =IF(COUNTIF(Sheet2!$A:$A,A81)>0,1,"")
A82: IN4C5-BP831-CC831 | B82: Kodagu | C82: K E Rafi | D82: Kundanda Ebrahim Rafi | E82: Kundanda Ebrahim Rafi Farm | F82: Kunjila | G82: Karnatka | H82: 12.270651 | I82: 75.657573 | J82: 14 | K82: 420 | L82: 11340 | M82: 5.7 | N82: KUNJALA | O82: 9008716886 | P82: 7 | Q82: 4 | R82: Team 1 | S82: =IF(COUNTIF(Sheet2!$A:$A,A82)>0,1,"")
... A90: IN4C7-BP1109-TT1109 | B90: Kodagu | C90: Musthafa Hamsa B | D90: Musthafa Hamsa B | E90: Musthafa Hamsa B Farm | F90: Kunjila | G90: Karnatka | H90: 12.263711 | I90: 75.656238 | J90: 5 | K90: 150 | L90: 4050 | M90: 2 | N90: KUNJALA | O90: 9591175518 | P90: 7 | Q90: 4 | R90: Team 1 | S90: =IF(COUNTIF(Sheet2!$A:$A,A90)>0,1,"")
A91: IN4C7-BP1110-TT1110 | B91: Kodagu | C91: Mohamed Irshad A E | D91: Mohamed Irshad Arebalaooil Ebrahim | E91: Mohamed Irshad Arebalaooil Ebrahim Farm | F91: Kunjila | G91: Karnatka | H91: 12.262491 | I91: 75.655452 | J91: 12 | K91: 320 | L91: 8640 | M91: 4.9 | N91: KUNJALA | O91: 9591991919/7259191986 | P91: 7 | Q91: 4 | R91: Team 1 | S91: =IF(COUNTIF(Sheet2!$A:$A,A91)>0,1,"")
A92: IN4C7-BP31-JA31 | B92: Kodagu | C92: Saritha P S | D92: Saritha P S | E92: Saritha P S Farm | F92: Nelaji | G92: Karnataka | H92: 12.275682 | I92: 75.642055 | J92: 15 | K92: 450 | L92: 12150 | M92: 5.9 | N92: KUNJALA | O92: 8762553951 | P92: 7 | Q92: 4 | R92: Team 1 | S92: =IF(COUNTIF(Sheet2!$A:$A,A92)>0,1,"")
A93: IN4C4-BP209-HR209 | B93: Kodagu | C93: Abdul Nazeer M M | D93: Abdul Nazeer Mohammed Muslim | E93: Abdul Nazeer estate | F93: Napoklu, Madikeri | G93: Karnataka | H93: 12.273318 | I93: 75.660928 | J93: 40 | K93: 1450 | L93: 39150 | M93: 16.2 | N93: KOLAKERI | O93: 9731308757 | P93: 7 | Q93: 4 | R93: Team 1 | S93: =IF(COUNTIF(Sheet2!$A:$A,A93)>0,1,"")
A94: IN4C4-BP213-HR213 | B94: Kodagu | C94: Maqbulla Ahmed P H | D94: Maqbulla Ahmed Pattangaud Hussain | E94: Maqbulla Ahmed estate | F94: Napoklu, Madikeri | G94: Karnataka | H94: 12.276127 | I94: 75.652993 | J94: 47 | K94: 1400 | L94: 37800 | M94: 19 | N94: KOLAKERI | O94: 9632855373 | P94: 7 | Q94: 4 | R94: Team 1 | S94: =IF(COUNTIF(Sheet2!$A:$A,A94)>0,1,"")
A95: IN4C5-BP966-CC966 | B95: Kodagu | C95: Abdul Razak C A | D95: Abdul Razak C A | E95: Abdul Razak C A Farm | F95: Kolakeri, Kunjila | G95: Karnatka | H95: 12.276243 | I95: 75.654358 | J95: 8 | K95: 200 | L95: 5400 | M95: 3.2 | N95: KOLAKERI | O95: 9449892405 | P95: 7 | Q95: 4 | R95: Team 1 | S95: =IF(COUNTIF(Sheet2!$A:$A,A95)>0,1,"")
A96: IN4C6-BP448-JA448 | B96: Kodagu | C96: Mandanna K B | D96: Mandanna Kaliyanda Machaiah | E96: Mandanna Kaliyanda Machaiah Farm | F96: Kolakeri | G96: Karnataka | H96: 12.289228 | I96: 75.651289 | J96: 20 | K96: 550 | L96: 14850 | M96: 8.1 | N96: KOLAKERI | O96: 0 | P96: 7 | Q96: 4 | R96: Team 1 | S96: =IF(COUNTIF(Sheet2!$A:$A,A96)>0,1,"")
A97: IN4C5-BP980-VC980 | B97: Kodagu | C97: Shivani Jagadeesh | D97: Shivani Jagadeesh | E97: Shivani Jagadeesh Farm | F97: Aigur, Somwarpet | G97: Karnataka | H97: 12.521988 | I97: 75.837639 | J97: 20 | K97: 510 | L97: 13770 | M97: 8.1 | N97: GARAGANDUR | O97: 8762883117/8762177658 | P97: 44 | Q97: 4 | R97: Team 2 | S97: =IF(COUNTIF(Sheet2!$A:$A,A97)>0,1,"")
A98: IN4C6-BP288-AM288 | B98: Kodagu | C98: Ranjith K P | D98: Ranjith Kittor Prasanna | E98: II Aigoor Estate | F98: Aigoor (V&P), Somwarpet | G98: Karnataka | H98: 12.528334 | I98: 75.842139 | J98: 50 | K98: 1150 | L98: 31050 | M98: 20.2 | N98: GARAGANDUR | O98: 9448121406 / 6363938948 | P98: 44 | Q98: 4 | R98: Team 2 | S98: =IF(COUNTIF(Sheet2!$A:$A,A98)>0,1,"")
A99: IN4C1-BP352-BP352 | B99: Kodagu | C99: Kumar K C | D99: Kumar Kibetta Chenagppa | E99: Chorana Hole Estate | F99: Iguru, Yedavanadu, Somwarpet Tq, Kodagu District | G99: Karnataka | H99: 12.53236 | I99: 75.85079 | J99: 17 | K99: 480 | L99: 12960 | M99: 6.9 | N99: AIGUR | O99: 9448964567 / 9448962252 | P99: 44 | Q99: 4 | R99: Team 2 | S99: =IF(COUNTIF(Sheet2!$A:$A,A99)>0,1,"")
A100: IN4C7-BP469-TR469 | B100: Kodagu | C100: Sanjay M C | D100: Sanjay Mallachira Chengappa | E100: Sanjay Mallachira Chengappa Farm | F100: Aigur, Somwarpet | G100: Karnataka | H100: 12.532531 | I100: 75.849186 | J100: 9 | K100: 300 | L100: 8100 | M100: 3.6 | N100: AIGUR | O100: 9482926371 | P100: 44 | Q100: 4 | R100: Team 2 | S100: =IF(COUNTIF(Sheet2!$A:$A,A100)>0,1,"")
A101: IN4C7-BP470-TR470 | B101: Kodagu | C101: Ganesh M C | D101: Ganesh Mallachira Chengappa | E101: Ganesh Mallachira Chengappa Farm | F101: Aigur, Somwarpet | G101: Karnataka | H101: 12.532422 | I101: 75.848473 | J101: 10 | K101: 320 | L101: 8640 | M101: 3.8 | N101: AIGUR | O101: 9481132744 | P101: 44 | Q101: 4 | R101: Team 2 | S101: =IF(COUNTIF(Sheet2!$A:$A,A101)>0,1,"")
A102: IN4C7-BP549-TR549 | B102: Kodagu | C102: Janardhana P G | D102: Janardhana Panthale Ganapathy | E102: Janardhana Panthale Ganapathy Farm | F102: Yedavunadu, Somwarpet | G102: Karnataka | H102: 12.521486 | I102: 75.893551 | J102: 8 | K102: 320 | L102: 8640 | M102: 3.2 | N102: YEDAVANAD ( RESERVED FOREST I | O102: 9482668835 | P102: 44 | Q102: 4 | R102: Team 2 | S102: =IF(COUNTIF(Sheet2!$A:$A,A102)>0,1,"")
A103: IN4C7-BP196-BE196 | B103: Kodagu | C103: Kiran A S | D103: Kiran Appanervanda Somaiah | E103: Kiran Appanervanda Somaiah Farm | F103: Kirundadu | G103: Karnataka | H103: 12.263978 | I103: 75.687393 | J103: 34 | K103: 950 | L103: 25650 | M103: 13.8 | N103: KIRANDADU | O103: 9481859317 | P103: 37 | Q103: 5 | R103: Team 1 | S103: =IF(COUNTIF(Sheet2!$A:$A,A103)>0,1,"")
A104: IN4C4-BP218-HR218 | B104: Kodagu | C104: Bheemaiah P S | D104: Bheemaiah Ponnachanda Subbaiah | E104: Bheemaiah Ponnachanda Subbaiah | F104: Kokeri (V), Cheyandane (P) | G104: Karnataka | H104: 12.252721 | I104: 75.675499 | J104: 21 | K104: 850 | L104: 22950 | M104: 8.5 | N104: KOKERI | O104: 9480253108 | P104: 37 | Q104: 5 | R104: Team 1 | S104: =IF(COUNTIF(Sheet2!$A:$A,A104)>0,1,"")
A105: IN4C4-BP223-HR223 | B105: Kodagu | C105: Somaiah P U | D105: Somesh Ponnachanda Uthappa | E105: Somesh Ponnachanda Uthappa | F105: Kokeri (V), Cheyandane (P) | G105: Karnataka | H105: 12.252885 | I105: 75.675935 | J105: 6 | K105: 210 | L105: 5670 | M105: 2.4 | N105: KOKERI | O105: 9901345076 | P105: 37 | Q105: 5 | R105: Team 1 | S105: =IF(COUNTIF(Sheet2!$A:$A,A105)>0,1,"")
A106: IN4C4-BP248-HR248 | B106: Kodagu | C106: Muthappa P T | D106: Muthappa Ponnachanda Thimmaiah | E106: Kayanbetta | F106: Kokeri (V), Cheyandane (P) | G106: Karnataka | H106: 12.250459 | I106: 75.674651 | J106: 6 | K106: 240 | L106: 6480 | M106: 2.2 | N106: KOKERI | O106: 9481772408 | P106: 37 | Q106: 5 | R106: Team 1 | S106: =IF(COUNTIF(Sheet2!$A:$A,A106)>0,1,"")
A107: IN4C5-BP895-CC895 | B107: Kodagu | C107: Ibrahim M M | D107: Ibrahim Meenkere Mydin Kutti | E107: Ibrahim Meenkere Mydin Kutti Farm | F107: Kunjila | G107: Karnatka | H107: 12.266271 | I107: 75.668801 | J107: 18 | K107: 450 | L107: 12150 | M107: 7.3 | N107: KOKERI | O107: 9483487767 | P107: 37 | Q107: 5 | R107: Team 1 | S107: =IF(COUNTIF(Sheet2!$A:$A,A107)>0,1,"")
A108: IN4C6-BP351-JA351 | B108: Kodagu | C108: Carshan C A | D108: Carshan Chotteyanda Aiyappa | E108: Carshan Chotteyanda Aiyappa Farm | F108: Kaikad | G108: Karnataka | H108: 12.279841 | I108: 75.691803 | J108: 15 | K108: 450 | L108: 12150 | M108: 6.1 | N108: KAIKADU | O108: 0 | P108: 37 | Q108: 5 | R108: Team 1 | S108: =IF(COUNTIF(Sheet2!$A:$A,A108)>0,1,"")
A109: IN4C4-BP210-HR210 | B109: Kodagu | C109: Aiyappa A S | D109: Aiyappa Apparanda Somanna | E109: Aiyappa estate | F109: Kolakeri, Napoklu | G109: Karnataka | H109: 12.285812 | I109: 75.671174 | J109: 35 | K109: 1050 | L109: 28350 | M109: 14.2 | N109: KOLAKERI | O109: 9482109735 | P109: 37 | Q109: 5 | R109: Team 1 | S109: =IF(COUNTIF(Sheet2!$A:$A,A109)>0,1,"")
A110: IN4C5-BP922-CC922 | B110: Kodagu | C110: Mohamed K A | D110: Mohamed Kalathil Ahamad | E110: Mohamed Kalathil Ahamad Farm | F110: Kolakeri | G110: Karnatka | H110: 12.275391 | I110: 75.664385 | J110: 12 | K110: 300 | L110: 8100 | M110: 4.9 | N110: KOLAKERI | O110: 7676261246 | P110: 37 | Q110: 5 | R110: Team 1 | S110: =IF(COUNTIF(Sheet2!$A:$A,A110)>0,1,"")
A111: IN4C7-BP313-HR313 | B111: Kodagu | C111: Monnappa B S | D111: Monnappa Barike Somappa | E111: Monnappa Barike Somappa Farm | F111: Marandoda, Napoklu | G111: Karnataka | H111: 12.288274 | I111: 75.666858 | J111: 4 | K111: 136 | L111: 3672 | M111: 1.6 | N111: KOLAKERI | O111: 9483001598 | P111: 37 | Q111: 5 | R111: Team 1 | S111: =IF(COUNTIF(Sheet2!$A:$A,A111)>0,1,"")
... A118: IN4C7-BP580-TR580 | B118: Kodagu | C118: Adesh S S | D118: Adesh Suntikoppa Sandesh | E118: Adesh Suntikoppa Sandesh Farm | F118: Suntikoppa | G118: Karnataka | H118: 12.488213 | I118: 75.833661 | J118: 3 | K118: 95 | L118: 2568 | M118: 1.2 | N118: NALLUR SRIMANGALA | O118: 9845422208 | P118: 2 | Q118: 5 | R118: Team 2 | S118: =IF(COUNTIF(Sheet2!$A:$A,A118)>0,1,"")
A119: IN4C6-BP335-AM335 | B119: Kodagu | C119: Hardoor Estate | D119: Hardoor Estate | E119: Hardoor Estate | F119: Uluguli, Somwarpet | G119: Karnataka | H119: 12.486025 | I119: 75.824623 | J119: 10 | K119: 120 | L119: 3240 | M119: 4 | N119: ANJANAGERI BETTAKHRI | O119: 9880584400 (Mukul Mehendra) | P119: 2 | Q119: 5 | R119: Team 2 | S119: =IF(COUNTIF(Sheet2!$A:$A,A119)>0,1,"")
A120: IN4C6-BP333-AM333 | B120: Kodagu | C120: Bopanna M B | D120: Bopanna M B | E120: Luckery Estate | F120: Gargandoor, Somwarpet | G120: Karnataka | H120: 12.508289 | I120: 75.831714 | J120: 43 | K120: 1050 | L120: 28350 | M120: 17.4 | N120: GARAGANDUR | O120: 9900175227 | P120: 2 | Q120: 5 | R120: Team 2 | S120: =IF(COUNTIF(Sheet2!$A:$A,A120)>0,1,"")
A121: IN4C5-BP249-BE249 | B121: Kodagu | C121: Somaiah PK | D121: Somaiah Pandanda Kairappa | E121: Somaiah Pandanda Farm | F121: Murnad, Ponnampet | G121: Karnataka | H121: 12.312401 | I121: 75.745911 | J121: 50 | K121: 1725 | L121: 46578 | M121: 20.2 | N121: KODAMBURL | O121: 9448959267 | P121: 12 | Q121: 6 | R121: Team 1 | S121: =IF(COUNTIF(Sheet2!$A:$A,A121)>0,1,"")
A122: IN4C7-BP206-BE206 | B122: Kodagu | C122: KUTTAPPA P U | D122: Kuttappa Palangaianda Uthappa | E122: Kuttappa Palangaianda Uthappa Farm | F122: Bethri | G122: Karnataka | H122: 12.294233 | I122: 75.761033 | J122: 6 | K122: 230 | L122: 6210 | M122: 2.4 | N122: KIGGALU | O122: 8050730738/9980313715 | P122: 12 | Q122: 6 | R122: Team 1 | S122: =IF(COUNTIF(Sheet2!$A:$A,A122)>0,1,"")
A123: IN4C1-BP717-HR717 | B123: Kodagu | C123: Arun Kumar P A | D123: Arun Kumar Padeyanda Appanna | E123: Arun Kumar Padeyanda Appanna Farm | F123: Balamuri, Madikeri | G123: Karnataka | H123: 12.29182 | I123: 75.738366 | J123: 2.5 | K123: 65 | L123: 1758 | M123: 1 | N123: BALAMURI | O123: 9980304689 | P123: 12 | Q123: 6 | R123: Team 1 | S123: =IF(COUNTIF(Sheet2!$A:$A,A123)>0,1,"")
A124: IN4C7-BP28-JA28 | B124: Kodagu | C124: Karumbaiah M B | D124: Karumbaiah Mukkatira Bopaiah | E124: Karumbaiah Mukkatira Bopaiah Farm | F124: M Badaga | G124: Karnataka | H124: 12.28273 | I124: 75.750613 | J124: 30 | K124: 1150 | L124: 31050 | M124: 12.1 | N124: BADAGA | O124: 9980497978 | P124: 12 | Q124: 6 | R124: Team 1 | S124: =IF(COUNTIF(Sheet2!$A:$A,A124)>0,1,"")
A125: IN4C7-BP29-JA29 | B125: Kodagu | C125: Ravi Kumar M K | D125: Ravi Kumar Mukkatira Kalappa | E125: Ravi Kumar Mukkatira Kalappa Farm | F125: M Badaga | G125: Karnataka | H125: 12.28491 | I125: 75.750382 | J125: 25 | K125: 920 | L125: 24840 | M125: 10.1 | N125: BADAGA | O125: 9845738700 | P125: 12 | Q125: 6 | R125: Team 1 | S125: =IF(COUNTIF(Sheet2!$A:$A,A125)>0,1,"")
A126: IN4C5-BP250-BE250 | B126: Kodagu | C126: Chengappa PM | D126: Chengappa Pandanda Medappa | E126: Chengappa Pandanda Farm | F126: Murnad, Ponnampet | G126: Karnataka | H126: 12.317807 | I126: 75.752751 | J126: 50 | K126: 1850 | L126: 49950 | M126: 20.2 | N126: KANTUR | O126: 9535574498, 9591630631 | P126: 12 | Q126: 6 | R126: Team 1 | S126: =IF(COUNTIF(Sheet2!$A:$A,A126)>0,1,"")
A127: IN4C5-BP870-CC870 | B127: Kodagu | C127: Ponnappa M T | D127: Ponnappa Munjandira Thimmaiah | E127: Ponnappa Munjandira Thimmaiah Farm | F127: Murnad | G127: Karnatka | H127: 12.308531 | I127: 75.755907 | J127: 10 | K127: 300 | L127: 8100 | M127: 4 | N127: KANTUR | O127: 0 | P127: 12 | Q127: 6 | R127: Team 1 | S127: =IF(COUNTIF(Sheet2!$A:$A,A127)>0,1,"")
A128: IN4C5-BP873-CC873 | B128: Kodagu | C128: Lalitha M T | D128: Laitha Mujandira Thimmaiah | E128: Laitha Mujandira Thimmaiah Farm | F128: Murnad | G128: Karnatka | H128: 12.309411 | I128: 75.755328 | J128: 11 | K128: 300 | L128: 8100 | M128: 4.5 | N128: KANTUR | O128: 0 | P128: 12 | Q128: 6 | R128: Team 1 | S128: =IF(COUNTIF(Sheet2!$A:$A,A128)>0,1,"")
A129: IN4C6-BP209-TR209 | B129: Kodagu | C129: Hemaraju K K | D129: Hemaraju Kompulira Kumarappa | E129: Kumeri estate | F129: Ikola village, Margod | G129: Karnataka | H129: 12.310335 | I129: 75.771851 | J129: 8 | K129: 240 | L129: 6480 | M129: 3.2 | N129: KANTUR | O129: 0 | P129: 12 | Q129: 6 | R129: Team 1 | S129: =IF(COUNTIF(Sheet2!$A:$A,A129)>0,1,"")
A130: IN4C7-BP314-HR314 | B130: Kodagu | C130: Vinayaka K S | D130: Vinayaka Karemane Sathyanarayana | E130: Vinayaka Karemane Sathyanarayana Farm | F130: Murnad | G130: Karnataka | H130: 12.309661 | I130: 75.771174 | J130: 26 | K130: 750 | L130: 20250 | M130: 10.5 | N130: KANTUR | O130: 7795495467 | P130: 12 | Q130: 6 | R130: Team 1 | S130: =IF(COUNTIF(Sheet2!$A:$A,A130)>0,1,"")
...

Sheet Sheet2
A1: Bp Number farms
A2: IN4C1-BP269-SD82 | B2: 1
A3: IN4C1-BP309-SD122 | B3: 1
A4: IN4C1-BP328-BP328 | B4: 1
A5: IN4C1-BP348-BP348 | B5: 1
A6: IN4C1-BP349-BP349 | B6: 1
A7: IN4C1-BP375-BP375 | B7: 1
A8: IN4C1-BP542-BE542 | B8: 1
A9: IN4C1-BP585-BE585 | B9: 1
A10: IN4C4-BP18-HR18 | B10: 1
A11: IN4C4-BP238-HR238 | B11: 1
A12: IN4C4-BP239-HR239 | B12: 1
A13: IN4C4-BP240-HR240 | B13: 1
... A118: IN4C7-BP616-TT616 | B118: 1
